Maarif,maerfo1
Macaristan,mxu1ersbo2ebo1
Macar,mxu1er
Macide,mexu1dh
Macit,mexu1d
Macit,mexu1ybo2
Maçka,mexu3fo2h
Maçun,mexu3wbo1
Madelet,madlbo2
Maden,madbo1
Mağara,mao1erh
Mağden,meao1dbo1
Mağfiret,mao1fo1rbo2
Mağribi,mao1rbu1y
Mağrip,mao1rbu1
Mağrur,mao1rwr
Mahbube,mxbu1wbu1h
Mahbup,mxbu1wbu1
Mahçiçek,meh xu3yxu3k
Mahfer,mxfo1r
Mahfi,mxo1fo1y
mahfuz,mxfo1wto1
Mahfuz,mxfo1wto1
Mahi,mehy
Mahi,mexy
Mahınev,meh bo1w
Mahinur,meh bo1wr
Mahire,mehrh
Mahir,mehr
Mahizar,meh do1er
Mahizar,meh ro1er
Mahizer,meh ro1r
Mahkemesince,mxkmh sbo1xu1h
Mahmude,mxmwdh
Mahmûdiye,mxmwdbu2h
Mahmud,mxmwd
Mahmure,mxmwrh
Mahmur,mxo1mwr
Mahmut,mxmwd
Mahmutoğlu,mxmwd ewao1ly
Mahnur,meh bo1wr
Mahpare,meh bu3erh
Mahperi,meh bu3ry
Mahpeyker,meh bu3ykr
Mahramlı,mxremly
Mahra,mxry
Mahru,meh rw
Mahrur,mxrwr
Mahser,mxsr
Mahsun,mxswbo1
Mahsure,mxswrh
Mahsut,mxzwd
Mahten,mexo1dbo1
Mahter,mexo1bo2r
Mahya,mexo1yh
Maide,mebo5dh
Mail,mebo5l
Makal,mfo2el
Makbule,mfo2bu1wlh
Makbul,mfo2bu1wl
Maklûbe,mfo2lwbu1h
Maksude,mfo2zwdh
Maksudoğlu,mfo2zwdewao1ly
Maksume,mfo2zwmh
Maksum,mfo2swm
Maksure,mfo2zwrh
Maksur,mfo2zwr
Maksut,mfo2zwd
Makul,mafo2wl
Malatya,mletbu2h
Malazgirt,mlero1krd
Malike,melkh
Malik,melk
Malkara,maefo2rh
Malkoç,melfo2wxu3
Malkoçoğlu,melfo2wxu3 ewao1ly
Malta,melth
Mamduh,memdwxo1
mamhuran,memxo1wrebo1
Manavgat,mbo1ewao1ebo2
Mançer,mebo1xu3r
Manço,mebo1xu3w
Mançuhan,mebo1xu3wxo1ebo1
Mançu,mebo1xu3w
Mandalinci,mebo1delbo1xu1y
Mangalay,mebo1ao1eley
Manga,mebo1ao1h
Manisa,mabo1bu2se
Mankut,mebo1fo2wbo2
Manolya,mebo1wlyh
Mansure,mbo1zwrh
Mansur,mebo1zwr
Mantı,mebo1bo2y
Mantı,mebo1ty
Manyas,mebo1yes
Manzur,mebo1to1wr
Maral,mrel
maraş,mraso3
Maraş,mraso3
Mardin,merdbu2bo1
Mardin,mrdybo1
Marifet,marfo1bo2
Marks,merfo2s
Marlalı,merlely
Marmaralı,mrmrh ly
Marmara,mrmrh
Marmaris,mrmrbu2s
Marşan,merso3ebo1
Martı,merbo2y
mart,merbo2
Mart,merbo2
Marufe,marwfo1h
Maruflu,marwfo1ly
Maruf,marwfo1
Marwan,merwebo1
Marziye,merro1yh
Maşallah,meso3ec ellh
Maşuka,maso3wfo2h
Maşuk,maso3wfo2
Masume,mazwmh
Masum,mazwm
Matkap,mebo2fo2ebu1
Matlı,mtly
Matlup,mtlwbu1
Mat,mebo2
Matuk,mabo2wfo2
Mavi,mewy
Mavioğlu,mewy ewao1ly
Mavisel,mewysl
Maviş,mewyso3
Mavitan,mewybo2ebo1
Maya,meye
Mayokan,meywfo2ebo1
Mazhar,mto1hr
Mazıcıoğlu,mero1yxu1y ewao1ly
Mazlume,mto1lwmh
Mazlum,mto1lwm
Mebruke,mbu1rwkh
Mebruk,mbu1rwk
Mebrure,mbu1rwrh
Mebrur,mbu1rwr
Mebuse,mbu1abo3h
Mebus,mbu1awbo3
Mecdi,mxu1dy
Mecdut,mxu1dwd
Mecide,mxu1ydh
Mecidiye,mxu1bu2dbu2h
Mecidözü,mxu1bu2dewro1y
Mecit,mxu1yd
Mecittin,mxu1yd eldybo1
Mecnun,mxu1bo1wbo1
Me’cuc,meo5xu1wxu1
Medar,mder
Medayin,mdeybo1
Medeni,mdbo1y
Medet,mdd
Medide,mdydh
Mediha,mdyxh
Medih,mdx
Medine,mdybo1h
Medit,mdyd
Mefharet,mfo1xo1rbo2
Mefhar,mfo1xo1r
Mefkûre,mfo1kwrh
Meftune,mfo1bo2wbo1h
Meftun,mfo1bo2wbo1
Mehabet,mhebu1bo2
Mehcure,mhxu1wrh
Mehcur,mhxu1wr
Mehdi,mhdy
Mehdiye,mhdyh
Mehip,mhybu1
Mehir,mhyr
Mehlika,mhlfo2e
Mehmed,mxmd
Mehmetali,mxmd aly
Mehmetçik,mxmdxu3yk
Mehmet,mxmd
Mehpare,mhbu3erh
Mehru,mhrw
Mehtap,mhbo2ebu1
Mehti,mhdy
Mehtiye,mhbo2yh
Mehveş,mhwso3
Mekin,mkybo1
Mekke,mkh
Mekki,mky
mektubat,mkbo2wbu1ebo2
mektublar,mkbo2wbu1lr
Melâhat,mlexbo2
Melda,mlde
Melek,mlk
Meleknaz,mlkbo1ero1
Meleknur,mlkbo1wr
Melekper,mlkbu3r
Melekru,mlkrw
Melekşah,mlkso3eh
Melen,mlbo1
Meliha,mlyxh
Melih,mlyx
Melike,mlykh
Melikhan,mlkxo1ebo1
Melik,mlk
Melik,mlyk
Melikşah,mlkso3eh
Melisa,mlyse
Melis,mlys
Melissa,mlyse
Meliz,mlyro1
Melodi,mlwdy
Meltem,mlbo2m
Melûl,mlwl
Memduha,mmdwxh
Memduh,mmdwx
Memecan,mmh xu1ebo1
Memik,mmyk
Memiş,mmyso3
Memişoğlu,myso3 ewao1ly
Memnune,mmbo1wbo1h
Memnun,mmbo1wbo1
Memo,mmw
Memun,meo5mwbo1
Menaf,mbo1efo1
Mencik,mbo1xu1k
Menderes,mbo1drs
Menekşe,mbo1kso3h
Menemencioğlu,mbo1h mbo1xu1y ewao1ly
Menevşe,mbo1wso3h
Mengilibörü,mbo1ko7yly bu1wrw
Mengi,mbo1ko7y
Mengli,mbo1ko7ly
Mengüalp,mbo1ko7w eo6lbu3
Mengübay,mbo1ko7wbu1ey
Mengüberti,mbo1ko7wbu1rdy
Mengücek,mbo1ko7wxu1k
Mengüç,mbo1ko7wxu3
Mengüer,mbo1ko7w eo5r
Mengü,mbo1ko7w
Mengûş,mbo1ko7wso3
Mengütaş,mbo1ko7wtso3
Mengütay,mbo1ko7wbo2ey
Mengütekin,mbo1ko7wbo2kybo1
Mennan,mbo1ebo1
Mensup,mbo1swbu1
Menşure,mbo1so3wrh
Mensure,mbo1zwrh
Mensur,mbo1bo3wr
Menşur,mbo1so3wr
Menteşe,mbo1bo2so3h
Menteşeoğlu,mbo1bo2so3h ewao1ly
Menteş,mbo1bo2so3
Menteşoğlu,mbo1bo2so3 ewao1ly
Menzir,mbo1ro1yr
Menzure,mbo1ro1wrh
Menzur,mbo1do1wr
MerAl,mrel
Meram,mrem
Mercan,mrxu1ebo1
Mercimekoğlu,mrxu1mk ewao1ly
Merdan,mrdebo1
Merdanoğlu,mrdebo1 ewao1ly
Merdi,mrdy
Mergen,mrko7bo1
Mergube,mrao1wbu1h
Mergup,mrao1wbu1
Meriç,mryxu1
Meriç,mryxu3
Merih,mryxo1
Mersinli,mrsybo1ly
Mersin,mrsybo1
Mertel,mrbo2l
Merter,mrbo2r
Mertkal,mrdfo2el
Mertkan,mrdfo2ebo1
Mertkol,mrdfo2wl
Mert,mrd
Mertol,mrbo2wl
Merttürk,mrdbo2rk
Merve,mrwh
Meryemana,mrbu2m eo6bo1e
Meryem,mrbu2m
Meryem,mrym
Merzifon,mrro1bu2fo1wbo1
Merziye,mrro1yh
Merzuka,mrro1fo2h
Merzuk,mrro1wfo2
Mesadet,msedbo2
Meşahir,mso3ehr
Meşale,mso3alh
Mescur,msxu1wr
Meserret,msrbo2
Meşhur,mso3hwr
meşihat,mso3yxo1bo2
Mesih,msbu2x
Mesih,msyx
Meşkûre,mso3kwrh
Meşkûr,mso3kwr
Meşru,mso3rwa
Mesrure,mbo3rwrh
Mesrur,msrwr
Mestan,msbo2ebo1
Mestinaz,msbo2 bo1ero1
Mesture,msbo2wrh
Mestur,msbo2wr
Mesude,msawdh
Mes’ûdiye,msawdbu2h
mes'ud,msawd
Mesure,mswrh
Mesut,msawd
Metehan,mbo2h xo1ebo1
Mete,mbo2h
Methiye,mdxyh
Metine,mbo2ybo1h
Metiner,mbo2ybo1 eo5r
Metiner,mbo2ybo1r
Metinkaya,mbo2ybo1 fo1eye
Metin,mbo2ybo1
Met,mbo2
Meva,mwe
Mevcude,mwxu1wdh
Mevcut,mwxu1wd
Mevdut,mwdwbo2
Mevhibe,mwhbu1h
Mevlâ,mwle
mevlâna,mwlebo1e
Mevlâna,mwlebo1h
Mevlide,mwldh
Mevlit,mwld
Mevlüde,mwldh
Mevlûde,mwlwdh
Mevlût,mwlwd
Mevsim,mwsym
Mevzune,mwro1wbo1h
Mevzun,mwro1wbo1
Meyil,myl
Meymune,mymwbo1h
Meymun,mymwbo1
Meyransa,myrebo1se
MeyyAl,myel
Mezarcı,mro1erxu1y
Mezide,mro1ydh
Mezit,mro1yd
Meziyet,mro1ybo2
Mezun,meo5do1wbo1
Midhat,mdxbo2
Midilli,mdlly
Midyat,mdbu2ebo2
Mihalıççık,mbu2xo1elxu3xu3fo2
Mıhcıoğlu,myxo1xu1y ewao1ly
Mıhçıoğlu,myxo1xu1y ewao1ly
Mihine,mhybo1h
Mihin,mhybo1
Mihman,mhmebo1
Mihriban,mhrbu1ebo1
Mihrican,mhrxu1ebo1
Mihrimah,mhrmeh
Mihri,mhry
Mihrinaz,mhrbo1ero1
Mihrinisa,mhrbo1se
Mihrinur,mhrbo1wr
Mihrişah,mhrso3eh
Mihriye,mhryh
Mikâil,mykebo5l
Milâs,mbu2les
milas,myles
Milli,mly
Mimaroğlu,mamer ewao1ly
Mimoza,mymwro1h
Mina,mbo1e
Mina,mybo1y
Mine,mybo1h
Minnet,mbo1bo2
Miraç,marexu3
Miranmir,myrebo1myr
Miran,myrebo1
Miras,myrebo3
Mirat,mreo5ho2
Mirat,myrebo2
Miray,myrey
Mircan,myrxu1ebo1
Mirhan,myrxo1ebo1
Mirkelam,myrklem
Mirkelâm,myrklem
Mirkelamoğlu,myrklem ewao1ly
Mir,myr
Mirnur,myrbo1wr
Mirrih,mryx
Mirza,myrro1e
Mirzaoğlu,myrro1e ewao1ly
Mirzat,mrzed
Mirzat,myrro1ebo2
Misal,mbo3el
Mısırlı,mzrly
mısır,mzr
Mısır,mzr
Miski,msky
Miskoye,mysfo2wyh
Misli,mbo3ly
Mısra,mzrea
Mıstıkoğlu,mxtfo2 ewao1ly
Mithat,mdxbo2
Miyase,myesh
Mızrak,mro1refo2
Mocan,mwxo1ebo1
Mocan,mwxu1ebo1
Moğolistan,mao1wlsbo2ebo1
Moğol,mao1wl
Moğultay,mwao1wlbo2ey
Möhördaroğlu,mhrder ewao1ly
Möhördaroğlu,mwhwrder ewao1ly
Molaoğlu,mwle ewao1ly
Mollaoğlu,mle ewao1ly
Molu,mwlw
Mora,mwrh
Moran,mwrebo1
Moran,mwrh bo1
Moray,mwrey
Morgil,mwrko7yl
Morgül,mwrko7l
Morkaya,mwrfo2eye
Moroğlu,mwr ewao1ly
Morova,mwr ewwh
Moshos,mwzxo1wz
Moshos,mwzxwz
Muadelet,maedlbo2
Muallâ,male
Muallim,malm
Muammer,mamr
Muarra,mare
Muattar,matr
muaz,maedo1
Muazzam,mato1m
Muazzez,maro1ro1
Mübahat,mbu1ehebo2
Mubahat,mbu1exebo2
Mübareke,mbu1erkh
Mübarek,mbu1erk
Mübeccel,mbu1xu1l
Müberra,mbu1re
Mübeyyen,mbu1ybo1
Mübine,mbu1ybo1h
Mübin,mbu1ybo1
Mücahit,mxu1ehd
Mücahittin,mxu1eh eldybo1
Mücap,mxu1ebu1
Müceddet,mxu1dbo2
Mücellâ,mxu1le
Mücessem,mxu1sm
Mücevher,mxu1whr
Mucide,mwxu1dh
Mucip,mwxu1bu1
Mucit,mwxu1d
Mucize,mxu1yro1h
Müçteba,mxu1bo2bu1e
Mucur,mwxu1wr
Mudanya,mdebo1bu2h
Müderris,mdrs
Müderrisoğlu,mdrs ewao1ly
Müdrike,mdrkh
Müdrik,mdrk
Mudurnu,mdrbo1y
Müeddep,mwdbu1
Müesser,mbo5bo3r
Müeyyet,mwyd
Müezzinoğlu,mwdo1bo1 ewao1ly
Müferrih,mfo1rh
Müferrih,mfo1rx
Müfide,mfo1ydh
Müfit,mfo1yd
Müftügil,mfo1bo2yko7yl
Müftüler,mfo1bo2ylr
Müftü,mfo1bo2y
Müftüoğlu,mfo1bo2y ewao1ly
Muğdat,mwao1ded
Müge,mwko7h
Muğisuddin,mwao1ybo3 eldybo1
Muğla,mao1lh
Muhabbet,mxbu1bo2
Muhacir,mhexu1r
Muhaddere,mxo1drh
muhakemat,mxekmebo2
Muhammedî,mxmdy
Muhammed,mxmd
Muhammet,mxmd
Muhar,mxr
Muharrem,mxrm
Müheyya,mhye
Muhibbe,mxbu1h
Muhibbi,mxbu1y
Mühibe,mhybu1h
Muhiddin,mxy eldybo1
Mühip,mhybu1
Muhip,mxbu1
Muhittin,mxy eldybo1
Muhlise,mxo1lsh
Muhlis,mxo1ls
Muhlis,mxo1lz
Muhsine,mxsbo1h
Muhsin,mxsbo1
Muhtar,mxo1bo2er
Muhterem,mxbo2rm
Muhteşem,mxbo2so3m
Mühto,mhbo2w
Mühürdar,mhrder
Muhyi,mxyy
Muine,maybo1h
Muin,maybo1
Müjdat,mro3ded
Müjde,mro3dh
Müjgân,mro3ko7ebo1
Mukaddem,mfo2dm
Mukadder,mfo2dr
Mukaddes,mfo2ds
Mükâfat,mkefo1ebo2
Mukbile,mfo2bu1lh
Mukbil,mfo2bu1l
Mukerrem,mkrm
Mükerrem,mkrm
Mükevven,mkwbo1
Mukime,mfo2ymh
Mukim,mfo2ym
Mükremin,mkrmbo1
Mükrime,mkrmh
Mükrimin,mkrmbo1
Mükrim,mkrm
Muktedir,mfo2bo2dr
Mülâyim,mleym
Mülâzım,mlero1m
Müldür,mldr
Mülhime,mlhmh
Mülhim,mlhm
Mülket,mlkbo2
Mumcu,mwmxu1y
Mumcuoğlu,mwmxu1y ewao1ly
Mümine,mwmbo1h
Müminhan,mwmbo1xo1ebo1
Mümin,mwmbo1
Mümtaze,mmbo2ero1
Mümtaz,mmbo2ero1
münacat,mbo1exu1ebo2
Munar,mwbo1er
Münasip,mbo1esbu1
Münci,mbo1xu1y
Münciye,mbo1xu1yh
Münevver,mbo1wr
Mungan,mbo1ao1ebo1
Mungan,mwbo1ao1ebo1
Münibe,mbo1ybu1h
Münife,mbo1yfo1h
Münif,mbo1yfo1
Münime,mbo1ymh
Münim,mbo1ym
Münip,mbo1ybu1
Münire,mbo1yrh
Münir,mbo1yr
Munise,mwbo1sh
Munis,mwbo1s
Münteha,mbo1bo2he
Murâdiye,mredbu2h
Murathan,mredxo1ebo1
Murat,mred
Muren,mwrbo1
Müren,mwrbo1
Müride,mrydh
Mürit,mryd
Mursaloğlu,mwrsh ewao1ly
Mürsel,mrsl
Mürşide,mrso3ydh
Mürşit,mrso3d
Murtaza,mrbo2zo1y
Mürüvvet,mrwbo2
Musaddık,mzdfo2
Musafat,mzefo1ebo2
Musaffa,mzfo1e
Müşahit,mso3ehd
Musa,mwsy
Musaoğlu,mwse ewao1ly
Müsemma,msme
Müşerref,mso3rfo1
Müsevver,mswr
Müşfika,mso3fo1fo2h
Müşfik,mso3fo1fo2
Müşir,mso3ar
Muşkara,mwso3fo2rh
Muşkara,mwso3kerh
Müşküle,mso3klh
Muslihe,mzlxh
Muslihiddin,mzlx eldybo1
Muslih,mzlx
Müslime,mslmh
Müslim,mslm
müslüman,mslmebo1
Müslüme,mslmh
Müslüm,mslm
Muş,mwso3
Mustafa,mztfo1e
Mustafa,mztfo1y
Mustafaoğlu,mztfo1e ewao1ly
Müstakime,msbo2fo2ym
Müstakim,msbo2fo2ym
Müştak,mso3bo2efo2
Müşteba,mso3bo2bu1e
Müsteçaplıoğlu,msbo2xu1ebu1ly ewao1ly
Müstecap,msbo2xu1ebu1
Müştehir,mso3bo2hr
Müstenire,msbo2bo1yrh
Müstenir,msbo2bo1yr
Müstesna,msbo2bo3bo1y
Muştubey,mwso3bo2w bu1ko7
Muştu,mwso3bo2w
Musuloğlu,mwzl ewao1ly
Mutâbık,mtebu1fo2
Mutahhar,mthr
Mutarra,mtry
Mutasım,mabo2zm
Muteber,mabo2bu1r
Mutena,mabo2bo1y
Mutia,mtyah
Muti,maty
Mutki,mwtky
Mutlualp,mwbo2lw eo6lbu3
Mutluay,mwbo2lweo6y
Mutlubay,mwbo2lw bu1ey
Mutluer,mwbo2lweo5r
Mutlugil,mwbo2lw ko7yl
Mutluğ,mwbo2lwao1
Mutlugün,mwbo2lwkwbo1
Mutluhan,mwbo2lwxo1ebo1
Mutlukan,mwbo2lwfo2ebo1
Mutlukhan,mwbo2lwfo2xo1ebo1
Mutluk,mwbo2lwfo2
Mutlu,mwbo2lw
Mutlutekin,mwbo2lwbo2kybo1
Mutman,mwtmebo1
Mut,mbo2
Mut,mwt
Mutuk,mwtwfo2
Mutver,mbo2wr
Muvaffak,mwfo1fo2
Muvahhide,mwxdh
Muvahhit,mwxd
Muvakkar,mwfo2r
Müveddet,mwdbo2
Müyesser,mysr
Muzaffar,mto1fo1r
Muzaffer,mto1fo1r
Müzahir,mto1ehr
Müzdat,mro1ded
Müzehher,mro1hr
Müzekker,mdo1kr
Müzeyyen,mro1ybo1
